Id,Name,NativeName,Description,MainRuleset,LudiiRuleset,Reference,Origin,DLPGame,PublicGame,knownAliases,Author,Publisher,Date,ProprietaryGame,Credit,SeeAlso,BGGId,OriginPoint,EvidenceRange,WishlistGame,Notes,HelpUs,ForceRulesetInLud,DisableWebApp,ReconstructionDescriptionDone
3,Senet,,"Senet is one of the oldest board games known in the world, documented from about 3000 BCE until the first millennium BCE in Egypt. It was also played In Cyprus for most of that time, and played at different times in the Levant. Though a full ruleset has never been found, hints from texts and tomb paintings in Egypt give us clues about the manner in which it was likely played. The game was also heavily imbued with religious significance, as the board itself represented the journey through the afterlife.",528,529,,Egypt,1,1,Znt,,,,0,Eric Piette,,2399,"30°1'55.75""N, 31°4'31.13""E","530,3199",0,,0,0,0,0
4,Ludus Latrunculorum,,"Ludus Latrunculorum (""Game of Robbers"") is a game from the Roman Empire, beginning in the final centuries BCE, that appears to have been particularly popular in the Roman military. It is mentioned in various authors such as Ovid, Seneca, and Isidore of Seville. Boards have ben found throughout the areas occupied by the Romans, especially in forts. Boards range in size from 6x7 to 14x14 and are not always exactly square. Glass counters were frequently used as pieces. Some speculation exists that this game developed into later tafl games.",32,534,,Roman Empire,1,1,Latrunculi,,,,0,Eric Piette,,,"41°49'31.40""N, 1°20'16.36""E","3320,4199",0,,0,0,0,0
125,Pachisi,,"Pachisi is a race game and one of the longest-played games in South Asia. It is widely played throughout South Asia, and was transformed in the UK and US as Ludo and Parcheesi.",147,147,Murray 1951: 135,South Asia,1,1,"Pachis, Pucheesee",,,,0,Eric Piette,,2136,"20°39'4.28""N, 83°20'57.86""E","5332,5332",0,,0,0,0,0
126,Game of the Goose,,"The Game of the Goose is a simple race game, but was one of the most popular games in early modern Europe. It is one of the earliest printed games, which likely led to its popularity.",148,148,Murray 1951: 142–143,Italy,1,1,"Giuoco dell'Oca, Juego de la Oca, Jeu de l'Oie, Ganzenspel, Gänsespiel, Gaasespil",,,,0,,,,"44°36'54.80""N, 11°50'6.68""E","4953,4953",1,,0,0,0,0
127,Nard,,"Nard is a race game from Persia, documented since at least 600 CE. It is thought to be an ancestor to Backgammon and other games, like Japanese Ban-Sugoroku.",149,149,Murray 1951: 113-115.,Persia,1,1,,,,,0,Eric Piette,,,"52°31'11.10""N, 13°24'13.83""E","5379,5379",0,,0,0,0,0
247,Muvalavala (Luena),,"Muvalavala is a four-row mancala-style board games played in Southwest Africa, particularly among the Luena and Mbunda people. The game is played with holes dug into the ground instead of on a board.",268,268,,Southwest Africa,1,1,,,,,0,Eric Piette,,,"12°16'31.63""S, 21°3'19.17""E","5495,5495",0,,0,1,0,0
248,Tchela,,"Tchela is a four-row mancala-style board game played by the Chokwe people of Angola. It begins with a stylized opening play, and can also be played on a smaller board.",269,269,,Angola,1,1,,,,,0,Eric Piette,,,"9°52'26.62""S, 18°6'11.58""E","5495,5495",0,,0,0,0,0
249,Quela,,Quela is a four-row mancala-style board game played by the Quibala people of Angola.,270,270,,,1,1,,,,,0,Eric Piette,,,"10°44'6.79""S, 14°58'52.52""E","5469,5469",0,,0,1,0,0
250,Quiela,,Quiela is a four-row mancala-style board game played by the Jinga people of Angola.,271,271,,,1,1,,,,,0,Eric Piette,,,"8°39'50.91""S, 15°44'25.41""E","5469,5495",0,,0,0,0,0
252,Quendo,,"Quendo is a game played by children of the Lunda-Quioco people of Angola. It involves the sowing mechanism of mancala games, but differs from others in that the holes which a player controls are those in which their counters are located, rather than determined by the placement of the holes on the board.",273,273,,Angola,1,1,,,,,0,Eric Piette,,,"9°0'37.09""S, 18°16'40.29""E","5495,5495",0,,0,0,0,0
253,Mwendo,,"Mwendo is a board game played among children of the Luenda and Bunda people of Angola. It is similar to mancala-style games, but the ownership of holes is determined by whether a player's counters are in the hole, rather than being fixed.",274,274,,Angola,1,1,,,,,0,Eric Piette,,,"13°40'56.18""S, 20°59'54.8""E","5495,5495",0,,0,1,0,0
375,Lines of Action,,Lines of Action was invented by Claude Soucie in 1969. It is played on an 8x8 board with twelve pieces per player.,394,394,,,0,1,,Claude Soucie,,1988-00-00,0,Eric Piette,,3406,,"0,5520",0,,0,0,0,0
376,Merimueng-rimueng-do,Merimüeng-rimüeng-do,"Merimeueng-rimueng-do is a game from Sumatra that is similar to other hunt games in South and Southeast Asia. It has been played there at least since the beginning of the twentieth century, but is probably older.",395,395,Murray 1951: 107,Indonesia,1,1,,,,,0,Eric Piette,,,"3°6'4.26""N, 97°20'58.04""E","5406,5406",0,,0,0,0,0
377,Pon Chochotl,,Pon Chocotl is a hunt game played by the Pima people in the southwest United States. It seems to be related to hunt games played by the Spanish.,586,396,Murray 1951: 99,Southwest United States,1,1,,,,,0,Eric Piette,,,"32°6'25.55""N, 111°0'28.36""W","5407,5407",0,,0,0,0,0
379,Demala Diviyan Keliya,,"Demala Diviyan Keliya is a hunt game known by many names played throughout South Asia, and documented since the early twentieth century.",397,397,Murray 1951: 107.,South Asia,1,1,"Rafaya, Koti Sellama, Pulijudam",,,,0,Eric Piette,,36555,"18°3'17.79""N, 82°45'10.3""E","5409,5409",0,,0,0,0,0
380,Squava,,Squava is a Yavalath variant on a 5x5 board.,398,398,,,0,1,,Néstor Romeral Andrés,"<a href=""https://www.nestorgames.com"" target=""_blank"" class=""style1"" style=""color: #0000EE"" />nestorgames</a> (used with permission)",2011-00-00,0,Eric Piette,,112745,,"0,5520",0,,0,0,0,0
381,Coyote,,"Coyote is a game said to have been played in Mexico in the late nineteenth century. It is unknown if it is still played now. It is a hunt game similar to those played around the world, and particularly close to the Spanish game Cercar la Liebre.",583,399,Murray 1951: 99.,Mexico? Spain?,1,1,,,,,0,Eric Piette,,8172,"16°27'50.19""N, 90°41'21.82""W","5398,5398",0,,0,0,0,0
382,Cross,,Cross was invented by Cameron Browne in 2008. It is a connection game on a Hex board.,400,400,,,0,1,,Cameron Browne,"<a href=""https://www.nestorgames.com"" target=""_blank"" class=""style1"" style=""color: #0000EE"" />nestorgames</a> (used with permission)",2008-00-00,0,Eric Piette,,59668,,"0,5520",0,,0,0,0,0
383,Gol Ekuish,,Gol Ekuish is a game from India with leaping captures like many others in South Asia and beyond. The board consists of seven concentric circles divided by three diameters.,401,401,Murray 1951: 71,India,1,1,Gol-skuish,,,,0,Eric Piette,,,"23°23'56.45""N, 80°3'40.59""E","5424,5424",0,,0,0,0,0
384,Grasshopper,,Grasshopper is a Halma variant played with a draughts set and published in 1948.,402,402,,,0,1,,,,,0,Eric Piette,,135478,,"0,5520",0,,0,0,0,0
385,Groups,,Groups was created by Richard Hutnik in 1998. It is a connection game with the goal of creating an orthogonally connected group of six.,403,403,,,0,1,,Richard Hutnik,,,0,Eric Piette,,30332,,"0,5520",0,,0,0,0,0
386,Pong Hau K'i,,"Pong Hau K'i is a blocking game documented during the nineteenth century East Asia, but medieval graffiti suggests that it may be even older.",404,404,Murray 1951: 92,Asia,1,1,"Horseshoe, On-Moul-Kono, Sua Tok Tong, Do Guti, Well Kono",,,1998-00-00,0,Eric Piette,,,"23°7'44.51""N, 113°15'51.35""E","5395,5395",0,,0,0,0,0
387,Tawlbwrdd,,"Tawlbwrdd is a game in the tafl family mentioned in Peniarth Manuscript 158, describing a portion of the game as played in Wales during the sixteenth century.",593,405,Murray 1951: 62-63,Wales,1,1,,,,,0,Eric Piette,,,"53°4'46.57""N, 4°1'0.35""W","5087,5357",0,,0,0,0,0
388,Spots,,Spots was created by Cameron Browne for Ludii. It is played on a hexagonal board.,406,406,,,0,1,,Cameron Browne,Ludii,2020-00-00,0,Eric Piette,,16324,,"0,5520",0,,0,0,0,0
389,Snowpaque,,Snopaque was creeted from the software AiAi. It is played on a hexagonal board.,407,407,,,0,1,,Stephen Tavener,,2015-00-00,0,Eric Piette,,,,"0,5520",0,,0,0,0,0
390,Ploy,,Ploy was invented by Frank Thibault in 1970. It can be played by two or four players and the goal is to capture the opponent's Commander.,408,408,,,0,1,,Frank Thibault,"3M, Dujardin, Grow Jogos e Brinquedos, Schmid",1970-00-00,0,Eric Piette,,1591,,"0,5520",0,,0,0,0,0
392,Picaria,,"Picaria is a game played by the people of Isleta Pueblo in New Mexico in the early twentieth century, but likely to be older. This version is played on a smaller board.",585,587,Murray 1951: 42,Southwest United States,1,1,"Pitarilla, Bidaria",,,,0,Eric Piette,,,"34°54'28.55""N, 106°41'40.89""W","5407,5407",0,,0,0,0,0
393,Dai Hasami Shogi,,Dai Hasami Shogi is a Hasami Shogi variant played with Go pieces.,410,410,,Japan,0,1,,,,,0,Eric Piette,,38822,,"0,5520",0,,0,0,0,0
394,Fox and Geese,,"Fox and Geese is a game known from medieval Europe with a complicated history. Many different versions are known, and it spread to many places that encountered Europeans and was adopted in various places with local rules. It is still played today, and it was thought that during the medieval and early modern period it was played by poorer classes of people, at least in England. In general, it is a typical hunt game.",411,411,Murray 1951: 101–102,Europe,1,1,"Tods and Lambs, Renard et les Poules, Marelle Quintuple, Lupo e Pecore, Fuchs und Gänse, Hühner, Fuchs im Hünerhof, Schaap en Wolf, Räfspel, Volki Ovtsy",,,,0,Eric Piette,,10213,"50°52'45.45""N, 0°59'45.3""W","5133,5301",0,,0,0,0,0
395,Li'b al-'Aqil,,"Li'b al-'Aqil (""game of the wise"") is a two-row mancala-style board game from Egypt. It allows one player to distribute the counters as they wish, and the opponent to swap the board around if they do not like the result.",412,412,Murray 1951: 167.,Egypt,1,1,"Mankala, Leab el-'Akil",,,,0,Eric Piette,,,"23°11'51.09""N, 30°44'39.51""E","5336,5336",0,,0,0,0,0
396,Castello,,"Invented by Carl Renström in 1971, Castello is a game in which players must capture certain spaces on the board, known as ""castles.""",413,413,"Le Livre des Jeux de Pions, Michel Boutin, Page 41",,0,1,,Carl Renström,"Alga, Brio AB",1971-00-00,0,Eric Piette,,24896,,"0,5520",0,,0,0,0,0
397,Press Ups,,Press Ups was invented in 1974 by Yigal Bogoslavski.,414,414,,,0,1,"Au Plus Fin, Basis 10, Brain Fight, Drück Fix, Drückfix, Mako 10 sur 10, Touch and Go, Touch Down",Yigal Bogoslavski,Invicta Games Clipper Irwin Toy Ltd. Mako Par,1974-00-00,0,Eric Piette,,9929,,"0,5520",0,,0,0,0,0
398,Kharbaga,,"Kharbaga is a game played in North Africa, and is related to similar games played there that are similar to Alquerque. The board is a five by five grid.",415,415,Hamidoun 1952: 68.,North Africa,1,1,,,,,0,Eric Piette,,109797,"18°31'4.38""N, 7°14'17.21""W","5452,5512",0,,0,0,0,0
400,Camelot,,Camelot is a Chess variant invented by George Parker in the late nineteenth century and published by Parker Brothers.,416,416,"Le Livre des Jeux de Pions, Michel Boutin, Page 38",,0,1,"Chivalry, Inside Moves",George S. Parker,"The Game Crafter, LLC, John Waddington Ltd.,",1930-00-00,0,Eric Piette,,5251,,"0,5520",0,,0,0,0,0
401,Salta,,Salta was invented by Konrad Heinrich Büttgenbach in 1899. It is related to Halma.,417,417,,,0,1,,Konrad Büttgenbach,,1899-00-00,0,Eric Piette,,18683,,"0,5520",0,,0,0,0,0
402,Tic-Tac-Four,,Tic-Tac-Four is a Tic-Tac-Toe variant invented by Matthew Stephenson for Ludii.,418,418,,,0,1,,Matthew Stephenson,,2020-00-00,0,Matthew Stephenson,,,,"0,5520",0,,0,0,0,0
403,Ataxx,,Ataxx is an arcade game invented in 1990 by the Leland Corporation and was originally called Infection.,419,419,,,0,1,Infection,"Dave Crummack, Craig Galley","Capcom Co., Ltd., Leland Corporation, Virgin",1990-00-00,0,Eric Piette,,91313,,"0,5520",0,,0,0,0,0
404,Yovodji,,"Yovodji is a game observed in Dahomey during the early twentieth century. It was a game played typically by women, often played during funerals.",420,420,,,1,1,,,,,0,Eric Piette,,,"8°25'40.61""N, 2°25'17.22""E","5455,5455",0,,0,0,0,0
405,Enindji,,"Enindji is a two-row mancala-style board game that was documented in Dahomey in the early twentieth century. It is similar to other games in the region like Oware, but has a unique capture where the owner of the hole, rather than the person sowing, captures the counters.",421,421,,Benin,1,1,Eninji,,,,0,Eric Piette,,,"11°18'6.29""N, 1°27'20.69""E","5455,5455",0,,0,0,0,0
406,Fondji,,"Fondji is a two-row mancala-style board game that was played in Dahomey in the early twentieth century. It is similar to other two-row mancala games from the region, like Oware.",422,422,,Benin,1,1,,,,,0,Eric Piette,,,"12°1'13.42""N, 3°14'57.89""E","5455,5455",0,,0,0,0,0
407,Woli,,Woli is a two-row mancala-style game played in the Senegal Valley of West Africa. It was popular among young married women.,423,423,,West Africa,1,1,,,,,0,Eric Piette,,,"14°38'6.45""N, 11°30'3.29""W","5455,5455",0,,0,0,0,0
408,Manddiare,Manddiaré,"Manddiaré is a two-row mancala-style board game played in Mauritania but women amd young girls. Sometimes boys would play it to get to know girls, but this would not occur in public spaces.",424,424,Silva 1995: 235.,Mauritania,1,1,,,,,0,Eric Piette,,,"17°32'57.23""N, 14°41'44.57""W","5455,5455",1,,0,0,0,1
409,Foji,,Foji is a two-row mancala-style board game oberved in Dahomey during the early twentieth century. It is similar to other two-row mancala games from West Africa.,425,425,,Benin,1,1,,,,,0,Eric Piette,,,"8°30'39.96""N, 2°11'20.64""E","5455,5455",0,,0,0,0,0
410,Kapana Bona,,"Kapana Bona is a two-row mancala-style board game played by the Gourounsi people in West Africa. Instead of being played on a board, the counters are placed in heaps on the ground.",426,426,,,1,1,,,,,0,Eric Piette,,,"11°5'59.69""N, 2°6'0.54""W","5455,5455",0,,0,0,0,0
583,Bizingo,,Bizingo is a two-player strategy board game created sometime in the 1850s in the United States. Two opposing armies on a triangular grid face off against one another. ,681,681,"<a href=""https://en.wikipedia.org/wiki/Bizingo"" target=""_blank"" class=""style1"" style=""color: #0000EE"" />Wikipedia</a>",,0,1,,,,1850-00-00,0,Eric Piette,,13765,,"0,5520",0,,0,0,0,0
584,CrossGeo,,"The game CrossGeo is a 2-player mathematical game. The game has three different versions: CrossGeo, CrossGeoR-B, and CrossGeoR-G-B. CrossGeo is the basic version, which can be played on graphs with onlu green (shared) edges.",682,682,,,0,1,,Tahmina Begum,,2020-06-22,0,Tahmina Begum 22-06-2020,,,,"0,5520",0,,0,0,0,0
585,Cram,,"Cram is a mathematical game played on a sheet of graph paper. It is the impartial version of Domineering and the only difference in the rules is that each player may place their dominoes in either orientation, but it results in a very different game.",683,683,"<a href=""https://en.wikipedia.org/wiki/Cram_(game)"" target=""_blank"" class=""style1"" style=""color: #0000EE"" />Wikipedia</a>",,0,1,"Plugg, Dots and Pairs",Martin Gardner,,,0,Eric Piette,,,,"0,5520",0,,0,0,1,0
586,Theseus and the Minotaur,,"Theseus and the Minotaur is a type of logic maze designed by Robert Abbott. In this maze, the player acts as Theseus, who is attempting to escape the Labyrinth.",684,684,"<a href=""https://en.wikipedia.org/wiki/Theseus_and_the_Minotaur"" target=""_blank"" class=""style1"" style=""color: #0000EE"" />Wikipedia</a>",,0,1,,Robert Abbott,,1990-00-00,0,Eric Piette,,,,"0,5520",0,,0,0,0,0
587,Chase,,Chase is a turn-based computer game in which players are tasked with escaping from robots programmed to pursue and kill them. The player attempts to destroy the robots by moving in such a way that the robots collide with each other or other obstacles.,685,685,"<a href=""https://en.wikipedia.org/wiki/Chase_(video_game)"" target=""_blank"" class=""style1"" style=""color: #0000EE"" />Wikipedia</a>",,0,1,,,,1970-00-00,0,Eric Piette,,,,"0,5520",0,,0,0,0,0
588,Patolli,,"Patolli is a name which is used to refer to several different games in Mesoamerica. This game, which takes the shape of  square or circular circuit of spaces with the midpoints of the sides connected by a crossed track, is the most common, older, and more widespread game of the region.",686,686,Swezey and Bittman 1983.,Mexico,1,1,,,,,0,,,,"15°10'37.94""N, 85°0'43.26""W","3750,5050",1,,0,0,0,0
706,Totolospi (Cross-Shaped),Totolóspi (Cross-Shaped),"Totolóspi is a word used for several games played by the Hopi people at the turn of the twentieth century. The board in this game is cross-shaped, and is playe by two or four people with four dice.",829,,Murray 1951: 149-150.,Arizona,1,1,,,,,0,,,,"35°52'35.01""N, 110°38'25.49""W","5399,5401",1,,0,0,0,1
831,Len Cua Kin Ngoa,Len Cúa Kín Ngoa,"Len Cúa Kín Ngoa is a capturing game played in Thailand in the early nineteenth century. It is somewhat of a combination of a hunt and a capturing game, where one player plays as tigers and the other as cattle, but both are able to capture via different methods.",985,985,Murray 1951: 111.,Thailand,1,1,,,,,0,Eric Piette,,,"19°39'50.93""N, 100°24'2.11""E","5336,5336",0,,0,0,0,0
832,Len Doat,,Len Doat is a race game that was played in nineteenth century Thailand. ,986,986,Murray 1951: 1389140.,THailand,1,1,,,,,0,Eric Piette,,,"14°45'50.59""N, 104°29'53.26""E","5336,5336",0,,0,0,0,0
833,Mak Khom,,Mak Khom is a two-row mancala-style baord game played in Thailand in the nineteenth century.,987,,Murray 1951: 173-172.,Thailand,1,1,,,,,0,Eric Piette,,,"16°18'48.65""N, 102°54'39.42""E","5336,5336",1,,0,0,0,0
834,Renard et les Poules,,Renard et les Poules is a hunt game documented in nineteenth century France. ,988,988,Murray 1951: 104.,France,1,1,Marelle Quintuple,,,,0,Eric Piette,,,"43°51'35.95""N, 3°42'27.88""E","5340,5340",0,,0,0,0,0
835,Len Sake,Len Saké,Len Saké is a race game played in Thailand during the nineteenth century. ,991,,,Thailand,1,1,,,,,0,Eric Piette,,,"18°13'12.88""N, 97°46'28.64""E","5336,5336",1,,0,0,0,1
836,Mudrunggum,,"Mudrunggum is a hunt game that was played in the Deccan, India in the early nineteenth century.",992,,Murray 1951: 111.,India,1,1,,,,,0,Eric Piette,,,"11°16'18.61""N, 77°31'51.5""E","5332,5332",1,,0,0,0,1
837,Bagh Bukree,,Bagh Bukree is a hunt game that was played by children in the early nineteenth century in the Deccan region of India.,993,,Murray 1951: 111.,India,1,1,,,,,0,Eric Piette,,,"13°42'16.99""N, 76°2'35.33""E","5332,5332",1,,0,0,0,1
838,Chuki (Java),,"Chuki is a game that was played in Java during the nineteenth century, which was incompletely documented. ",994,,,Java,1,1,,,,,0,Eric Piette,,,"8°25'37.73""S, 114°15'10.84""E","5317,5317",1,,0,0,0,1
839,Machanan,Machánan,"Machanan is a capturing game played in Java during the nineteenth century, that was incompletely documented.",995,,Murray 1951: 110.,Java,1,1,,,,,0,,,,"8°16'4.8""S, 111°36'18.11""E","5317,5317",1,,0,0,0,1
840,Lupo e Pecore,,Lupo e Pecore is a game which is included in  a sixteenth century compendium of games from Venice.,996,,Murray 1951: 104.,Italy,1,1,,,,,0,Eric Piette,,,"45°26'14.72""N, 12°19'34.56""E","5000,5099",1,,0,0,0,1
979,Wan Fu Cave Game,,"The board for this game was found in Wan Fu Cave, part of the Longmen cave-temples near Luoyang, China. The board is of a common type known throughout the world, but is not as commonly attested in China.",1141,,,China,1,1,,,,,0,Eric Piette,,,"34°33'33.07""N, 112°28'4.43""E","4180,5502",1,,0,0,0,1
980,Infuse,,"Infuse is a game of entering the most pieces. They can only enter out of sight of your own pieces, but you make move your pieces that lie near to enemy pieces, in order to make new entry sites for yourself, or block entry sites for your opponent. The game may be played on either hex or square grids.",1142,1142,"<a href=""https://boardgamegeek.com/thread/2518705"" target=""_blank"" class=""style1"" style=""color: #0000EE"" />BGG</a>",,0,1,,Dale W. Walton,,2020-11-19,0,Dale W. Walton,,,,"0,5520",0,,0,0,0,0
981,Bravalath,,Invented after 1 second's thought.,1143,1143,,,0,1,,Cameron Browne,,2020-00-00,0,Cameron Browne (8/12/2020),,,,"0,5520",0,,0,0,1,0
982,Tic-Tac-Die,,Tic-Tac-Die is played as per Tic-Tac-Toe except that players roll a D9 dice each turn to dictate where they move (dice pips show cell index to move to).,1144,1144,,,0,1,,Cameron Browne,,2020-12-11,0,Eric Piette,,,,"0,5520",0,,0,0,0,0
983,Triple Tangle,,"An abstract board game played on the vertices, edges and cells of the board.",1145,1145,"<a href=""http://cambolbro.com/games/triple-tangle-rules-1.pdf"" target=""_blank"" class=""style1"" style=""color: #0000EE"" />cambolbro.com</a>",,0,1,,Cameron Browne,,2020-00-00,0,Eric Piette,,,,"0,5520",0,,0,0,0,0
984,Maze,,Maze is a structure that consists of convoluted paths. ,1146,1146,"<a href=""http://www.cross-plus-a.com/puzzles.htm"" target=""_blank"" class=""style1"" style=""color: #0000EE"" />cross-plus-a.com</a>",,0,1,,,,,0,Eric Piette,,,,"0,5520",0,,0,0,0,0
985,Hoshi,,Hoshi is a variant of Sudoku played on triangle basis.,1147,1147,"<a href=""http://www.cross-plus-a.com/sudoku.htm"" target=""_blank"" class=""style1"" style=""color: #0000EE"" />cross-plus-a.com</a>",,0,1,,,,,0,Eric Piette,,,,"0,5520",0,,0,0,0,0
986,Sudoku X,,Sudoku X is a variant of Sudoku included the diagonals of the square board in the constraints.,1148,1148,"<a href=""http://www.cross-plus-a.com/sudoku.htm"" target=""_blank"" class=""style1"" style=""color: #0000EE"" />cross-plus-a.com</a>",,0,1,Diagonal Sudoku,,,,0,Eric Piette,,,,"0,5520",0,,0,0,0,0
987,Anti-Knight Sudoku,,Anti-Knight Sudoku is a variant of Sudoku involving the concept of Chess knight move.,1149,1149,"<a href=""http://www.cross-plus-a.com/sudoku.htm"" target=""_blank"" class=""style1"" style=""color: #0000EE"" />cross-plus-a.com</a>",,0,1,,,,,0,Eric Piette,,,,"0,5520",0,,0,0,0,0
988,Sudoku Mine,,Sudoku Mine combines Sudoku puzzle with Minesweeper game.,1150,1150,"<a href=""http://www.cross-plus-a.com/sudoku.htm"" target=""_blank"" class=""style1"" style=""color: #0000EE"" />cross-plus-a.com</a>",,0,1,,,,,0,Eric Piette,,,,"0,5520",0,,0,0,0,0
989,Sujiken,,"Sujiken (from Japanese ""sujikai"", literally ""diagonal"") is a variation of Sudoku.",1151,1151,"<a href=""http://www.cross-plus-a.com/sudoku.htm"" target=""_blank"" class=""style1"" style=""color: #0000EE"" />cross-plus-a.com</a>",,0,1,,George Heineman,,,0,Eric Piette,,,,"0,5520",0,,0,0,0,0
990,Dice Chess,,Dice Chess is a variant of Chess involving a die.,1152,1152,"<a href=""https://brainking.com/en/GameRules?tp=95"" target=""_blank"" class=""style1"" style=""color: #0000EE"" />brainking.com</a>",,0,1,,,,,0,Michael Taktikos and Eric Piette,,,,"0,5520",0,,0,0,0,0
1110,Ashanti Draughts,,"This game was played in the Ashanti Kingdom in the early nineteenth century. Its name was not recorded, but was said to have been very popular.",1267,,,Ashanti,1,1,,,,,0,Eric Piette,,,"6°3'22.99""N, 1°57'51.91""W","5317,5317",1,,0,0,0,1
1111,Isolation,,Blocking game played on a 6x8 or 7x7 board.,1268,1268,"<a href=""https://boardgamegeek.com/boardgame/1875/isolation"" target=""_blank"" class=""style1"" style=""color: #0000EE"" />BGG</a>",,0,1,,Bernd Kienitz,,1972-00-00,0,Fabio Barbero,,1875,,"0,5520",0,,0,0,0,0
1112,Ashanti Alignment Game,,"This alignment game, the name of which was not recorded, was played in the Ashanti Kingdom in the early nineteenth century. It was played on a wooden board with perforations, and the pieces were pegs to be inserted in the board.",1269,,,Ashanti,1,1,,,,,0,Eric Piette,,,"6°47'36.16""N, 0°7'46.6""W","5317,5317",1,,0,0,0,1
1113,Cage,,Cages is a drawless checkers variant that always ends in one player eliminating the other. Mark Steere designed Cage in 2010.,1270,1270,"<a href=""http://web.archive.org/web/20200701105455/http://www.marksteeregames.com/Cage_rules.html"" target=""_blank"" class=""style1"" style=""color: #0000EE"" />www.marksteeregames.com/</a>",,0,1,,Mark Steere,"<a href=""http://www.marksteeregames.com/"" target=""_blank"" class=""style1"" style=""color: #0000EE"" />Mark Steere Games</a> (used with permission)",2010-00-00,0,Designed by Mark Steere and implemented by Michael Amundsen.,,72202,,"0,5520",0,,0,0,0,0
1114,Tami,,"Tami is a mancala-style board game played in Accra, Ghana in the early nineteenth century.It was played mostly by women, with grey and green nuts. Sometimes these nuts were covered in gold and worn as necklaces.",1271,,"Murray 1951: 177, Avelot 1906: 267.",Ghana,1,1,,,,,0,Eric Piette,,,"5°32'53.34""N, 0°12'1.76""W","5305,5309",1,,0,0,0,1
1115,DuploHex,,Variant of Hex that includes disc and rings.,1272,1272,"<a href=""https://www.nestorgames.com"" target=""_blank"" class=""style1"" style=""color: #0000EE"" />nestorgames</a>",,0,1,,José Manuel Astilleros García-Monge,"<a href=""https://www.nestorgames.com"" target=""_blank"" class=""style1"" style=""color: #0000EE"" />nestorgames</a> (used with permission)",2015-00-00,0,Fabio Barbero,,174474,,"0,5520",0,,0,0,0,0
1249,Riga,,Riga is a capturing game played in seventeenth century Sicily.,1407,,van der Stoep 1984: 79.,Italy,1,1,,,,,0,Eric Piette,,,"37°47'19.17""N, 13°45'56.02""E","5117,5117",1,,0,0,0,1
1252,Sfenj,,"Sfenj is a capturing game played by the Tungusic people of Northern Asia. It was played with a set of pieces similar to Chess, but the Kings were colored red.",1410,,Murray 1913: 373-374.,Siberia,1,1,,,,,0,Eric Piette,,,"73°10'33.78""N, 84°26'27.26""E","5395,5395",1,,0,0,0,1
1253,Chandaraki,,Chandaraki is a game with replacement captures played in Tibet since the eighteenth century. This version was reported in 1775.,1411,1411,Murray 1913: 368-369.,Tibet,1,1,"Chandraki, Chadraki",,,,0,Eric Piette,,,"33°22'15.51""N, 83°9'43.15""E","5275,5275",0,,0,0,0,0
1254,Pente,,"Pente was invented by Gary Gabriel in 1983, and was inspired by Ninuki-Renju.  In Pente, players compete to be the first to form an orthogonal or diagonal line of five stones, or to capture ten opposing stones.  Pente does not have the complex opening protocol or specific positional restrictions of Ninuki-Renju.  The first player has a strong advantage, but the Pro Pente opening variation gives Black more even winning chances.",1412,1412,"<a href=""https://pente.org/help/helpWindow.jsp?file=playGameRules"" target=""_blank"" class=""style1"" style=""color: #0000EE"" />Pente.org</a>",,0,1,,Gary Gabriel,,1977-00-00,0,Eric Silverman,,1295,,"0,5520",0,,0,0,0,0
1377,Windflowers,,"Windflowers is a finite, 2-4 player, place-or-capture, connectivity game. 
            It is playable on a wide variety of grid and connectivity types.
            
            It is still experimental, as the best scoring and tiebreker combination needs to be resolved.
            Also more investigation is needed concerning the degree that kingmaking will be a broblem for the multiplayer version.
            
            Placement is to empty sites: Capture is by replacing an opponent's stone during placement if that opponent owns more of the surrounding stones than the moving player does. On boards with diagonals, diagonal connections are included in the count to determine if a piece can be captured, but are not used for determining scoring groups discussed below.
            
            Passing is allowed, and the game ends when all players have passed consecutively. The board typically is full at this point, but there might be capture options still available that are disadvantageous to take.
            
            Scoring has 2 options: 
            Either scoring for stones placed, or for the largest group.
            Tie breakers scoring is needed to reduce the frequency of ties.
            
            multi-player cascade group scoring: Between those tied for winner, each pair of players is considered separately and the difference in size of their largest groups (after excluding all pairs of equal-size groups) is awarded to the owner of the larger group for cascade scoring (or to the owner of the smaller group for underdog scoring.)  Underdog tiebreaking is currently prefered.
            In 2-player games, the last player to place is the final tie-breaker.
            
            Finiteness:
            Each individual placement/capture is obviously finite as eventually one of the players with the smallest number of surrounding pieces will have placed there. Proof is needed that, as a whole, cycling is impossible, but this is what is experienced practically, even with multiple players.
            
            If every thing is equal, the last to play wins. Thus on even boards, the first player is obligated to break mirror play to win.
            ----------------------           
            The previous version had the goal of least number of groups. This goal was flawed, allowing the simple strategy of always passing to force a win.",1549,1549,,,0,1,,Dale W. Walton,,2021-05-25,0,Dale W. Walton,,,,"0,5520",0,,0,0,0,0
1378,Dodo,,Dodo is a dead simple game where the goal is to run out of moves.,1550,1550,,,0,1,,Mark Steere,Mark Steere Games,2021-00-00,0,Michael Amundsen,,,,"0,5520",0,,0,0,0,0
1379,Battleships,,"Battleships is a strategy type guessing game for two players. It is played on ruled grids (paper or board) on which each player's fleet of ships (including battleships) are marked. The locations of the fleets are concealed from the other player. Players alternate turns calling shots at the other player's ships, and the objective of the game is to destroy the opposing player's fleet.",1551,1551,"<a href=""https://en.wikipedia.org/wiki/Battleship_(game)"" target=""_blank"" class=""style1"" style=""color: #0000EE"" />Wikipedia</a>",,0,1,"Battleship, Sea Battle",,,1931-00-00,0,Nicholas Bamber,,27190,,"0,5520",0,,0,0,1,0
1380,Seesaw,,Seesaw is a Draughts-inspired elimination game invented by Alek Erickson and Michael Amundsen in 2021.,1552,1552,,,0,1,,Alek Erickson and Michael Amundsen,,2021-00-00,0,Alek Erickson and Michael Amundsen,,342922,,"0,5520",0,,0,0,0,0
1382,Cumisitha,,"Cumisitha is a game that was played by the Aymara people of southern Peru and Bolivia in the seventeenth century. It was described by chroniclers as similar to the Game of the Goose, but different in many ways, as well as similar to Chess and Alquerque.",1553,,Depaulis 1998: 34.,Andes,1,1,Cumisiña ,,,,0,Eric Piette,,,"15°21'58.04""S, 69°17'17.89""W","5081,5112",1,,0,0,0,1
1383,Meridians,,Meridians is an annihilation game featuring anti-connection and territory as emergent themes. The game was invented by Kanare Kato in 2021.,1554,1554,"<a href=""https://boardgamegeek.com/boardgame/333775/meridians"" target=""_blank"" class=""style1"" style=""color: #0000EE"" />BGG</a>
",,0,1,,Kanare Kato,,2021-00-00,0,Michael Amundsen,,333775,,"0,5520",0,,0,0,0,0
1384,Wali,,Wali is a word used for several games played in West Africa. This particular version was played by the Songhai people of Mali and Niger. ,1555,1555,,West Africa,1,1,Bolotoudou,,,,0,Eric Piette,,,"16°50'43.99""N, 2°56'34.45""W","5450,5450",0,,0,0,0,0
1385,Gyre,,Gyre is a connection game for a hexhex board designed by Mark Steere.,1556,1556,"<a href=""http://www.marksteeregames.com/Gyre_rules.pdf"" target=""_blank"" class=""style1"" style=""color: #0000EE"" />Mark Steere Games</a>",,0,1,,Mark Steere,"<a href=""http://www.marksteeregames.com/"" target=""_blank"" class=""style1"" style=""color: #0000EE"" />Mark Steere Games</a>",2015-00-00,0,Michael Amundsen,,,,"0,5520",0,,0,0,0,0
1386,Fifangha,,Fifangha is a four-row mancala-style board game played in Madagascar in the early seventeenth century.,1557,,de Voogt 1995: 35.,Madagascar.,1,1,,,,,0,,,,"20°49'27.25""S, 46°8'48.78""E","5148,5158",1,,0,0,0,0
1387,Resolve,,"A square connection game where crosscuts are resolved by swapping stones. Resolve was designed by Alek Erickson in July 2020. The rules were finalized through critical playtesting session with Dale Walton and Luis Bolaños Mures. The game was partly inspired by the swap mechanic from Michael Zapala's Slyde. The original idea for swapping stones to resolve crosscuts can be traced to Phil Leduc's Thruway and Bill Taylor's Swapway as early as 2008, but the notion of a resolving stone where a single stone gets serially swapped to fix cuts in Resolve is novel.",1558,1558,"<a href=""https://boardgamegeek.com/boardgame/314106/resolve"" target=""_blank"" class=""style1"" style=""color: #0000EE"" />BGG</a>",,0,1,,Alek Erickson,,2020-00-00,0,Dale W. Walton,,314106,,"0,5520",0,,0,0,0,0
1388,Ludus Rebellionis 1,,"The Ludus Rebellionis appears in a sixteenth century Italian manuscript, with three different diagrams. In this version each side plays with a King, Queen, and sixteen Pawns which are intermingled in the starting position.

",1559,,Murray 1951: 105.,Italy,1,1,,,,,0,,,,"43°10'2.56""N, 11°50'22.18""E","5000,5099",1,,0,0,0,1
1389,Ludus Rebellionis 2,,"The Ludus Rebellionis appears in a sixteenth century Italian manuscript, with three different diagrams. In this version each side plays with a King, Queen, and sixteen Pawns which begin in opposing camps.

",1560,,Murray 1951: 105.,Italy,1,1,,,,,0,,,,"44°23'0.44""N, 10°13'53.8""E","5000,5099",1,,0,0,0,1
1390,Tsoro Yemutatu (Triangle),,"Tsoro Yemutatu is an alignment game played by boys, young men, and sometimes adults in Zimbabwe. This version is played on a triangular board, drawn on the ground and played with stones.",1563,1563,,Zimbabwe,1,1,,,,,0,Eric Piette,,,"16°50'5.52""S, 31°17'8.45""E","5464,5464",0,,0,0,0,0
1391,Hermit,,"Hermit is a game in which players place stones on empty vertices to create connected groups of sizes 1, 3 and 5.
                            It is easy to learn but challenging to master. Although the game is static (pieces do not move),  there is still a dynamic effect because legal placements turn on and off!
                            Hermit can be played on the nodes of any graph, even on a four-dimensional tesseract! Twelve 2-dimensional graphs are included. Some graph require a neutral token to prevent symmetric play by the second player.",1565,1565,"<a href=""https://sites.google.com/site/theowlsnest02/home/hermit\"" target=""_blank"" class=""style1"" style=""color: #0000EE"" />The Owl's Nest - Hermit</a>

",,0,1,,Phil Leduc,,2020-00-00,0,Phil Leduc,,,,"0,5520",0,,0,0,0,0
1392,Dongjintian (Four Players),,"Dongjintian is a mancala-style board game played in Yunnan Province, China. This four-player version features an orthogonal pattern of sowing not seen in other mancala-style games.",1566,1566,,China,1,1,,,,,0,Eric Piette,,,"23°25'52.63""N, 101°41'4.76""E","5494,5494",0,,0,0,0,0
1393,Bao,,Bao is a four-row mancala-style board game played in Zanzibar and Swahili-speaking areas of coastal East Africa.,1567,1567,,East Africa,1,1,,,,,0,Eric Piette,,,"6°48'9.39""S, 39°17'2.17""E","5490,5494",0,,0,0,0,0
1394,Ravtablo,Rävtablo,"Rävtablo (""Fox Game"") is a game that was played by the Sámi people of northern Sweden in the twentieth century.",1568,,Nordiska Museet 231619.,Sweden,1,1,,,,,0,,,,,"0,5520",1,,0,0,0,1
1395,Wargtablo,,"Wargtablo (""Wolf Game"") is a game played by the Sámi people of northern Sweden in the twentieth century.",1569,,Nordiska Museet 231619.,Sweden,1,1,,,,,0,,,,,"0,5520",1,,0,0,0,1
1396,Zuz Mel (5x5),,"Zuz Mel is a capturing game played by children in El Oued, Algeria. This version if played on a 5x5 board.",1570,,,Algeria,1,1,,,,,0,Eric Piette,,,"33°22'4.12""N, 6°51'5.94""E","5464,5464",0,,0,0,0,0
1397,Zuz Mel (7x7),,"Zuz Mel (""Two and You Are Dead"") is a capturing game played in El Oued, Algeria by children. This version is played on a 7x7 board.",1571,1571,,Algeria,1,1,,,,,0,Eric Piette,,,"33°22'4.12""N, 6°51'5.94""E","5464,5464",0,,0,0,0,0
1398,Lian Qi (Bohai),,"Lian Qi is a name used for alignment games in China. This versian, smaller than typically found in China, comes from the Bohai State period of Manchuria.",1572,,,Manchuria,1,1,,,,,0,Eric Piette,,,"42°42'38.10""N, 130°47'2.11""E","4300,4425",1,,0,0,0,1
1399,Kharebga (5x5),,"Kharebga is a capturing game played by children in El Oued, Algeria.",1573,1573,,Algeria,1,1,,,,,0,Eric Piette,,,"33°22'4.12""N, 6°51'5.94""E","5464,5464",0,,0,0,0,0
1400,Kharebga (7x7),,"Kharebga is a game with custodial captures played by children in El Oued, Algeria.",1574,1574,,Algeria,1,1,,,,,0,Eric Piette,,,"33°22'4.12""N, 6°51'5.94""E","5464,5464",0,,0,0,0,0
1401,Fart (5x5),,"Fart is an alignment game played by young people of El Oued, Algeria. In this version, players must place their pieces in a row of five to win.",1575,1575,,Algeria,1,1,,,,,0,Eric Piette,,,"33°22'4.12""N, 6°51'5.94""E","5464,5464",0,,0,0,0,0
1402,Fart (7x7),,"Fart is an alignment game played by young people in El Oued, Algeria. This version requires the player to place seven of their pieces in a row.",1576,1576,,Algeria,1,1,,,,,0,Eric Piette,,,"33°22'4.12""N, 6°51'5.94""E","5464,5464",0,,0,0,0,0
1403,Sig (El Oued),,"Sig is a name use for many different games in Saharan Africa. This version is played in El Oued, Algeria, and is a representation of the Hajj taken by a father, a mother, and a djinn.",1577,1577,,Algeria,1,1,,,,,0,Eric Piette,,,"33°22'4.12""N, 6°51'5.94""E","5464,5464",0,,0,1,0,0
1404,Sig (El Oued Capture),,"Sig is a word used for many different games throughout Saharan Africa. This game, a capturing game played in El Oued, Algeria, was played by children.",1578,1578,,Algeria,1,1,,,,,0,Eric Piette,,,"33°22'4.12""N, 6°51'5.94""E","5464,5464",0,,0,0,0,0
1405,T'mbl,,T'mbl is an alignment game played by Chaamba children of Algeria. ,1579,1579,,Algeria,1,1,,,,,0,Eric Piette,,,"33°29'24.43""N, 6°7'50.06""E","5464,5464",0,,0,0,0,0
1406,Buqruru,,"Buqruru is a two-row mancala-style board game played in the Tidikelt and Haggar regions of Algeria. It is typically made out of holes in the sand, and camel droppings are used as pieces.",1580,1580,,Algeria,1,1,Azid,,,,0,Eric Piette,,,"27°4'29.16""N, 2°23'14.79""E","5464,5464",0,,0,0,0,0
1407,Aqrad,,"Aqrad is an alignment game played by the Tuareg people in the Haggar region of Algeria. The game is usually played in the sand, and stones and camel droppings are used as pieces.",1581,1581,,Algeria,1,1,,,,,0,Eric Piette,,,"21°59'41.86""N, 5°7'6.5""E","5464,5464",0,,0,0,0,0
1408,Tides,,"Tides is a capturing game played by the Tuareg people in the Haggar region of Algeria. the game is usually played in the sand, with stones and camel droppings used as pieces.",1582,1582,,Algeria,1,1,,,,,0,Eric Piette,,,"22°43'44.03""N, 4°56'41.74""E","5464,5464",0,,0,0,0,0
1409,Tavli (Zenon),,Tavli is a race game played in the Greek world on a board with twelve points. This version was played by the Byzantine Emperor Zenon in the sixth century.,1583,,,Byzantine Empire,1,1,,,,,0,Eric Piette,,,"41°0'25.38""N, 28°58'49.21""E","4030,4094",1,,0,0,0,1
1410,Ruqi,,Confucian board game of the Northern Zhou period. ,1584,1584,Lo and Wang 2004: 169.,China,1,1,,,,,0,Eric Piette,,,,"0,5520",1,,0,0,0,1
1411,Morpharaoh,,"The title of the game Morpharaoh is a nod to capture (morph), connection (a row), a previous square grid connection game by Luis Bolaños Mures' Morphos which inspired it, and to the Cairo tiling used for the board.
  
  The game solves the cross-cut problem of boards with cells that meet 4-to-a-vertex in some locations, by use of a capture based on a majority n of adjacencies, thus preventing immediate recapture. To minimise the amount of captures, and thus provide the a more strategic game than one based on simple majority captures, the captures are limited to those that resolve crosscuts along an existing diagonal connection, using a lobsided 'V' pattern of surrounding stones. -- and restricting edge capture to captures adjacent to an adjacent pair of stones. 
  
  Option is provided for independently relaxing these restrictions.
  A pie offer option has not yet been implemented.  
  
  The boards provided are a 48 cell and 160 cell board, designed specifically to provide an odd number of neighbors to each cell: 5 in the interior, and 3 at every edge cell. The Cairo board is one of the few regualr grids that permit such a condition. It also dilutes the possible cross-cuts to two per location, compared with 4 per location on a square grid.",1585,1585,"<a href=""https://boardgamegeek.com/thread/2693572"" target=""_blank"" class=""style1"" style=""color: #0000EE"" />BGG</a>",,0,1,,Dale W. Walton,,2021-07-18,0,Dale W. Walton,,,,"0,5520",0,,0,0,0,0
1412,Yonin Shogi,,A version of 4-player Shogi.,1586,1586,"<a href=\""http://wikipedia.org/wiki/Yonin_shogi/\"" target=\""_blank\"" class=\""style1\"" style=\""color: #0000EE\"" />Yonin shogi</a>",,0,1,,Ota Mitsuyasu,,1995-00-00,0,Matthew Stephenson,,86578,,"0,5520",0,,0,0,0,0
1413,Mulabalaba,,Mulabalaba is an alignment game played in the Livingtone distric tof Zambia.,1612,1612,,Zambia,1,1,,,,,0,Eric Piette,,,"17°51'6.58""S, 25°49'51.90""E","5456,5456",0,,0,0,0,0
1414,Gabata (Adowa),,"Gabata is a name that is widely used for different mancala-style games in the northern Horn of Africa. This game, played near Adwa in Ethiopia, it is a three-row game.

",17,17,,Ethiopia,1,1,,,,,0,,,,"14°9'47.41""N, 38°53'36.72""E","5477,5477",0,,0,0,0,0
1415,Gabata (Three Players),,"Gabata is a name that is widely used for different mancala-style games in the northern Horn of Africa. This game, played near Adwa, is a three-row game with three players.

",340,340,,,1,1,,,,,0,,,,"14°9'47.41""N, 38°53'36.72""E","5471,5471",1,,0,0,0,0
1416,Hexshogi,,A version of Shogi played on hexagonal cells.,1616,1616,"<a href=""http://wikipedia.org/wiki/Hexshogi"" target=""_blank"" class=""style1"" style=""color: #0000EE"" />Wikipedia</a>",,0,1,,George R. Dekle Sr.,,1986-00-00,0,Matthew Stephenson,,144857,,"0,5520",0,,0,0,0,0
1420,Unashogi,,A version of Shogi where all pieces start in reserve.,1618,1618,"<a href=""http://wikipedia.org/wiki/Unashogi"" target=""_blank"" class=""style1"" style=""color: #0000EE"" />Wikipedia</a>",,0,1,,Edward Jackman,,1994-00-00,0,Matthew Stephenson,,,,"0,5520",0,,0,0,0,0
1421,Unachess,,A version of Chess where all pieces start in reserve.,1619,1619,"<a href=""https://www.chessvariants.com/diffsetup.dir/unachess.html"" target=""_blank"" class=""style1"" style=""color: #0000EE"" />Chess Variants</a>",,0,1,,Jeff Miller and Edward Jackman,,1995-00-00,0,Matthew Stephenson,,,,"0,5520",0,,0,0,0,0
1422,Four-Player Chess,,"A version of Chess for 4 players.
A version with 8 players is also available as an option.",1620,1620,"<a href=""http://en.wikipedia.org/wiki/Four-player_chess"" target=""_blank"" class=""style1"" style=""color: #0000EE"" />Wikipedia</a>
",,0,1,,,,,0,Matthew Stephenson,,,,"0,5520",0,,0,0,0,0
1423,Qatranj,,Qatranj is a game with replacement captures played on a 10x10 board with 22 pieces. It was played in nineteenth century India.,1621,1621,Murray 1913: 347.,India,1,1,Atranj,,,,0,Eric Piette,,,"30°20'22.60""N, 76°22'51.92""E","5401,5401",0,,0,0,0,0
1424,MiniXiangqi,,A smaller version of Xiangqi.,1622,1622,"<a href=""http://mlwi.magix.net/bg/minixiangqi.htm"" target=""_blank"" class=""style1"" style=""color: #0000EE"" />Website</a>",,0,1,,Shigenobu Kusumoto,,1974-00-00,0,Matthew Stephenson,,,,"0,5520",0,,0,0,0,0
1425,Xiang Hex,,A version of Xiangqi played on a hexagonal board.,1623,1623,"<a href=""https://www.chessvariants.com/rules/xiang-hex"" target=""_blank"" class=""style1"" style=""color: #0000EE"" />Chess Variants</a>",,0,1,,Larry Smith,,2008-00-00,0,Matthew Stephenson and Eric Piette,,,,"0,5520",0,,0,0,0,0
1464,Double-Move Situ,,"Double-move Situ is based on 'Situ' a finite, Line-of-Sight game with the goal of being the last player able to complete their turn. The game is based on the choice of placing one's own piece or removing an opponent's piece.

It can be played on hex grids, square grids or square grids with diagonals.
The original Situ was played on a Hex grid with N, N+1 edges and a single stone pie-rule as an option.

In contrast, 'Double-move Situ' starts with a single placement followed by double moves thereafter. Therefore centerless boards with an even number of nodes are used, and a Hex with edges N, N+2 assures this. 

However there is a changing parameter that determines which sites are controlled, and this parameter affects balance. So, the first player has the option of removing upto 2 nodes from the board, before the 2nd player starts with the single piece placement.

Placement must be on empty nodes that are not controlled by the opponent, while removals are taken from nodes that the mover controls.

Control is determined by the difference in count between the two player's pieces in line-of-sight of the given node. This difference is the  parameter for the game.  When the its value is met or exceeded, the player with the excess LoS pieces controls the site.

In the original Situ this parameter is fixed at 2. In Double-move Situ it can be set from 1 to 4. The lower the number, the larger number of restricted nodes and possible captures, so the more tactical the game is. With higher numbers the game becomes more strategic. In any case, the game is finite, ending with one player running out of nodes to play upon.

History:
Situ is a descendant of my game Shaka that was designed as an exploration of line-of-sight. Shaka triggered the creation of Michał Zapała's 'Tore' and a flurry of LoS games on BGG Abstract Forum. While Situ may have helped stimulate Michał Zapała's 'Tumbleweed' As Alek Erikson tested Situ with me before assisting Michał with Tumbleweed's development.

Steve Metzger and Luis Bolaños Mures 'Stigmergy' is a similar game, a simplification of 'Tumbleweed', that uses a majority of friendly LoS cells rather than a majority of the players pieces for control, and capture in that game is a flip whereas in 'Situ' it is a simple removal.

A recent BGG thread proposing a game 'InSight' stimulated me to script my original game and create this new version. ",1734,1734,,,0,1,,Dale W. Walton,,2021-10-14,0,Dale W. Walton,,,,"0,5520",0,,0,0,0,0
1465,Loop Xiangqi,,Loop Xiangqi is a Xiangqi variant that incorporates the reintroduction of captured pieces into Xiangqi.,1735,1735,,,0,1,,,,2021-10-15,0,Matthew Stephenson,,,,"0,5520",0,,0,0,0,0
1466,Chaturanga (Kridakausalya 14x14),,Chaturanga is a game with replacement captures played in India since the early centuries CE. This version was played in the nineteenth century on a 14x14 board.,1736,1736,,India,1,1,,,,,0,Eric Piette,,,"19°51'38.91""N, 75°20'35.95""E","5371,5371",0,,0,0,0,0
1467,Dogtown Clans,,"'Dogtown Clans' is a simplification of Double-move Situ and resembles Ki, as well. 
Differences from Ki include double moves, individual captures requiring a separate move without replacement, a last-able-to-move goal, preference for hex grid, and a parameter to define control.
Difference from Situ is that control is based on adjacency.

Like Situ, the game is based on the choice of placing one's own piece or removing an opponent's piece.

It can be played on hex grids, square grids or square grids with diagonals.

Placement must be on empty nodes that are not controlled by the opponent, while removals are taken from nodes that the mover controls. 

This control is determined by the difference in quantity of the two player's pieces that are adjacent to the given node. 
This difference is a parameter for the game, and when the value of the parameter is met or exceded, the player with the excess LoS pieces controls the site.
The default for the parameter is 3.",1737,1737,,,0,1,,Dale W. Walton,,2021-10-14,0,Dale W. Walton,,,,"0,5520",0,,0,0,0,0
1468,Pasakakrida (Type 1),,"Pasakakrida is a race game that was described in the Manasollasa, a twelfth-century CE Sanskrit text from India. The game could be played with either four-sided or six-sided dice.",1741,,Bock-Raming 1995: 114-115.,India,1,1,,,,,0,,,,"16°39'24.45""N, 75°5'21.76""E","4626,4638",1,,0,0,0,1
1469,Pasakakrida (Type 2),,"Pasakakrida is a race game that was described in the Manasollasa, a twelfth-century CE Sanskrit text from India. The game could be played with either four-sided or six-sided dice.

",1744,,Bock-Raming 1995: 114-115.,India,1,1,,,,,0,,,,"19°52'1.26""N, 78°25'25.74""E","4626,4638",1,,0,0,0,1
1470,Pasakakrida (Type 3),,"Pasakakrida is a race game that was described in the Manasollasa, a twelfth-century CE Sanskrit text from India. The game could be played with either four-sided or six-sided dice.
",1748,,Bock-Raming 1995: 114-115.,India,1,1,,,,,0,,,,"18°26'9.4""N, 79°2'34.12""E","4626,4638",1,,0,0,0,1
1471,Pasakakrida (Type 4),,"Pasakakrida is a race game that was described in the Manasollasa, a twelfth-century CE Sanskrit text from India. The game could be played with either four-sided or six-sided dice.
",1752,,Bock-Raming 1995: 114-115.,India,1,1,,,,,0,,,,"19°47'13.77""N, 77°40'46.77""E","4626,4638",1,,0,0,0,1
1472,Pasakakrida (Type 5),,"Pasakakrida is a race game that was described in the Manasollasa, a twelfth-century CE Sanskrit text from India. The game could be played with either four-sided or six-sided dice.
",1755,,Bock-Raming 1995: 114-115.,India,1,1,,,,,0,,,,"19°54'47.46""N, 78°30'40.18""E","4626,4638",1,,0,0,0,1
1473,Pasakakrida (Type 6),,"Pasakakrida is a race game that was described in the Manasollasa, a twelfth-century CE Sanskrit text from India. The game could be played with either four-sided or six-sided dice.
",1758,,Bock-Raming 1995: 114-115.,India,1,1,,,,,0,,,,"20°31'25.92""N, 76°54'30.3""E","4626,4638",1,,0,0,0,1
1474,Rabbit Warrens,,"This game was designed to meet a challenge of making a territorial game without placement or capture. 
    It also is a loop-forming game, as territory is defined as the area contained within loops - but the goal is not first to make a loop, but rather territory scoring.
    
    The scoring is unique as far as I know. The score is the product of two factors: 
    The first factor is the count of all the empty spaces fully surrounded by the player's pieces (edges don't count as an enclosure)
    The second factor is the number of distinct regions that a player's pieces enclose. A region includes both empty sites and sites occupied by the opponent.
    
    As a player fills a space to sub-divide it, one factor is traded off for the other.
    The board is scaled to be half full with each player having roughly the square of the number of pieces needed to enclose an area equal to the pieces used to enclose it.
    
    Movement is designed to progressively increase density. This moves pieces into contact to form loops, subdived them, and in the extreme, to fill them. 
    Players determine when their score is optimized and pass successively to end the game. 
    
    For flexibility, of movement, pieces can also move to sites of equal friendly density, which makes the game a race with the potential for cooperative cycles. 
    
    To prevent cold positions that would cause forced cycling, there is a secondary restriction for this case: pieces most move to have fewer adjacent enemies. 
    
    This makes filling an opponent's territory difficult, or impossible if one doesn't already have a presence there.
    It also means pieces within or associated with enemy territory have high mobility, and may be used to create or expand territories in the end game (but often at the cost of significantly increasing the other player's score.)
    
    Tie breaker is the last to play loses, in keeping with the nature of a race for the highest score. 
    
    This game was designed in consultation with Alexander Brady.",1761,1761,,,0,1,,Dale W. Walton,,2021-11-02,0,Dale W. Walton,,,,"0,5520",0,,0,0,0,0
1475,Epoxy,,"Epoxy is a version of 'Shaka' (my ancestor game a few other games including my game Situ.) Shaka was a territorial lines-of-sight game based on out-of-sight entry, sliding moves, increasing stone contact, capture by enclosure and double-pass ending. 

Epoxy does not involve capture, and is a survival game. It is played on a special, 'perforated' triangular grid that makes the game more manageable than pure Shaka by limiting the lines of sight and movement. 

Both Epoxy and Situ improve the balance and opening stability of Shaka by using a '12* double-move protocol' (that is, after the first placement, players alternate taking double turns.)

Epoxy differs from Situ in having no capture, but having movement. Movement is controlled by adjacency to the opponent's stones, effectively locking stones in place as they neighbour more and more opponent's stones. 

This creates territories that can be filled, as well as dead-zones for movement and/or placement. Due to this territorial nature, unlike Situ, turns may be partially passed, but a full pass is by definition a resignation.

Territory equates to the availability of future placements when other movement is no longer possible, and the goal is to be the last to play.",1762,1762,,,0,1,,Dale W. Walton,,2020-12-05,0,Dale W. Walton,,,,"0,5520",0,,0,0,0,0
1476,ConHex,,"ConHex is an abstract strategy game for two players. Both aim to complete a contiguous chain of connected cells between the 2 sides of their colour. 

Cells are claimed by conquering them. In order to conquer a cell, players must surround it with pegs.",1763,1763,"<a href=""http://nestorgames.com/rulebooks/CONHEX_EN.pdf"" target=""_blank"" class=""style1"" style=""color: #0000EE"" />nestorgames</a>
",,0,1,,Michail Antonow,"<a href=""https://www.nestorgames.com"" target=""_blank"" class=""style1"" style=""color: #0000EE"" />nestorgames</a>
",2002-00-00,0,Eric Piette and Cameron Browne,,10989,,"0,5520",0,,0,0,0,0
1477,Agon,,"Agon is a kind of race game played with pure strategy. Sometimes called Queen's Guard, the game features a queen and six guards for each of the two players. The object is to get one's queen to the centre of the board, surrounded by her guards. The most notable aspect of this game is that it is one of the earliest to be played on a hexagonal grid.",1764,1764,"<a href=""https://en.wikipedia.org/wiki/Agon_(game)"" target=""_blank"" class=""style1"" style=""color: #0000EE"" />Wikipedia</a>",,0,1,Queen's Guard,Anthony Peacock,,1842-00-00,0,Eric Piette,,5168,,"0,5520",0,,0,0,0,0
1478,Monkey Queen,,"Monkey Queen is a two player game, played on a 12x12 checkboard.",1765,1765,"<a href=""http://www.marksteeregames.com/Monkey_Queen_rules.html"" target=""_blank"" class=""style1"" style=""color: #0000EE"" />www.marksteeregames.com</a>",,0,1,,Mark Steere,"<a href=""http://www.marksteeregames.com/Monkey_Queen_rules.html"" target=""_blank"" class=""style1"" style=""color: #0000EE"" />www.marksteeregames.com</a>",2011-00-00,0,Eric Piette,,95757,,"0,5520",0,,0,0,0,0
1479,Jostle,,"Jostle is a two player game. The 10x10 board is initially set up with 16 red and 16 blue checkers. Red and
Blue, take turns moving checkers of their own color, one move per turn, starting with Red.",1766,1766,"<a href=""http://www.marksteeregames.com/Jostle_Go_rules.pdf"" target=""_blank"" class=""style1"" style=""color: #0000EE"" />www.marksteeregames.com</a>",,0,1,,Mark Steere,"<a href=""http://www.marksteeregames.com/Jostle_Go_rules.pdf"" target=""_blank"" class=""style1"" style=""color: #0000EE"" />www.marksteeregames.com</a>",2010-00-00,0,Eric Piette,,68808,,"0,5520",0,,0,0,0,0
1480,Atoll,,"Atoll is a two player game played on a hexagonal pattern grid. The game starts with eight “islands” of stones surrounding
an empty grid. Each player takes possession of an entire set of stones of one color, black or white. Each player owns the islands of his stones’ color. ",1767,1767,"<a href=""http://www.marksteeregames.com/Atoll_rules.pdf"" target=""_blank"" class=""style1"" style=""color: #0000EE"" />www.marksteeregames.com</a>",,0,1,,Mark Steere,"<a href=""http://www.marksteeregames.com/Atoll_rules.pdf"" target=""_blank"" class=""style1"" style=""color: #0000EE"" />www.marksteeregames.com</a>",2008-01-00,0,Eric Piette,,34221,,"0,5520",0,,0,0,0,0
1481,Fractal,,"Fractal is a two player game. The unique board, starts out empty. The two players, Red and Blue, take turns coloring cells with their own color, one cell per turn, starting with Red.",1768,1768,"<a href=""http://www.marksteeregames.com/Fractal_rules.pdf"" target=""_blank"" class=""style1"" style=""color: #0000EE"" />www.marksteeregames.com</a>",,0,1,,Mark Steere,"<a href=""http://www.marksteeregames.com/Fractal_rules.pdf"" target=""_blank"" class=""style1"" style=""color: #0000EE"" />www.marksteeregames.com</a>",2010-06-00,0,Eric Piette,,74129,,"0,5520",0,,0,0,0,0
1482,Reach Chess,,"Discovered during Markus Niebisch's internship at Ludii, when a crossover-operator for games replaced the ending rule of Chess with the ending rule of hex.
It is interesting as it still plays like Chess, but leads to a much more offensive play with many more potential sacrifices.",1769,1769,,,0,1,,Markus Niebisch,,2021-02-00,0,Markus Niebisch,,,,"0,5520",0,,0,0,0,0
1483,Onyx,,"Onyx is a two-player abstract strategy board game invented by Larry Back in 1995. The game features a rule for performing captures, making Onyx unique among connection games.
The Onyx board is a grid of interlocking squares and triangles, with pieces played on the points of intersection (as in Go). Each side of the board comprises twelve points.",1770,1770,"<a href=""https://en.wikipedia.org/wiki/Onyx_(game)"" target=""_blank"" class=""style1"" style=""color: #0000EE"" />Wikipedia</a>",,0,1,,Larry Back,,1995-00-00,0,Eric Piette,,11375,,"0,5520",0,,0,0,0,0
1484,Diamond,,"Diamond is a two-player abstract strategy board game invented by Larry Back. The invention was inspired by the game Kensington, which uses a similar board pattern and game objective. Rules for Diamond were conceived in 1985 and finalized in 1994. Diamond introduces a new board geometry and neutral pieces, with the aim of enhancing the game dynamic and lowering the potential for draws.

Diamond was featured in the February 2013 issue of Games magazine.",1771,1771,"<a href=""https://en.wikipedia.org/wiki/Diamond_(game)"" target=""_blank"" class=""style1"" style=""color: #0000EE"" />Wikipedia</a>",,0,1,,Larry Back,,1994-00-00,0,Eric Piette,,133664,,"0,5520",0,,0,0,0,0
1485,So Long Sucker,,"So Long Sucker is a board game invented in 1950 by John Forbes Nash, Mel Hausner, Lloyd S. Shapley and Martin Shubik. It is a four-person bargaining/economic strategy game. Each player begins the game with 7 chips, and in the course of play, attempts to acquire all the other players' chips.",1772,1772,"<a href=""https://en.wikipedia.org/wiki/So_Long_Sucker"" target=""_blank"" class=""style1"" style=""color: #0000EE"" />Wikipedia</a>",,0,1,Fuck You Buddy,"John Forbes Nash, Mel Hausner, Lloyd S. Shapley and Martin Shubik",,1950-00-00,0,Eric Piette,,8304,,"0,5520",0,,0,0,0,0
1486,Iterated Prisoners Dilemma,,"The prisoner's dilemma is a standard example of a game analyzed in game theory that shows why two completely rational individuals might not cooperate, even if it appears that it is in their best interests to do so. It was originally framed by Merrill Flood and Melvin Dresher while working at RAND in 1950. Albert W. Tucker formalized the game with prison sentence rewards and named it ""prisoner's dilemma""",1773,1773,"<a href=""https://en.wikipedia.org/wiki/Prisoner%27s_dilemma"" target=""_blank"" class=""style1"" style=""color: #0000EE"" />Wikipedia</a>
",,0,1,,Merrill Flood and Melvin Dresher,,1950-00-00,0,Eric Piette,,,,"0,5520",0,,0,0,1,0
1487,Duidoku,,Duidoku is a two-player version of Sudoku. ,1774,1774,"<a href=""https://www.duidoku.com/"" target=""_blank"" class=""style1"" style=""color: #0000EE"" />www.duidoku.com/</a>",,0,1,,Rudd Zwolinski,,2008-00-00,0,Eric Piette,,,,"0,5520",0,,0,0,0,0
1488,Buttons And Lights,,Buttons And Lights is a planning puzzle.,1775,1755,"<a href=""http://ggp.stanford.edu/ggp/games/buttonsandlights/buttonsandlights.txt"" target=""_blank"" class=""style1"" style=""color: #0000EE"" />http://ggp.stanford.edu/</a>",,0,1,,,,2005-00-00,0,Eric Piette,,,,"0,5520",0,,0,0,0,0
1489,Lights Out,,Lights Out is an electronic game released by Tiger Electronics in 1995.,1777,1777,"<a href=""https://en.wikipedia.org/wiki/Lights_Out_(game)"" target=""_blank"" class=""style1"" style=""color: #0000EE"" />Wikipedia</a>",,0,1,,,,1995-00-00,0,Eric Piette,,,,"0,5520",0,,0,0,0,0
1490,Barca,,"Barca is a recent commercial chess variant. The game was invented by Andrew Caldwell, and appeared in 2011.",1778,1778,"<a href=""http://playbarca.com/"" target=""_blank"" class=""style1"" style=""color: #0000EE"" />playbarca.com/</a>",,0,1,,Andrew Caldwell,,2007-00-00,0,Eric Piette,,69347,,"0,5520",0,,0,0,0,0
1491,Dragonchess,,"Dragonchess is a commercial chess variant, first published in 2005. The game is played on a 10 by 10 board, with in addition two side lanes of 3 by 4 squares. Players have the usual chess pieces, two extra pawns, and two dragons.",1779,1779,"<a href=""https://www.chessvariants.com/large.dir/dragonchess.html"" target=""_blank"" class=""style1"" style=""color: #0000EE"" />www.chessvariants.com</a>",,0,1,,,"<a href=""http://dragonchess.net/"" target=""_blank"" class=""style1"" style=""color: #0000EE"" />Dragon Chess Inc</a>",2005-00-00,0,Eric Piette,,,,"0,5520",0,,0,0,0,0
1492,Stratomic,,"Stratomic is a chess variant invented by Robert Montay-Marsais in 1972. The game is played on a 10×10 board with all the standard chess pieces present, and in addition, two nuclea pieces (representing nuclear missiles) and two extra pawns per side. The game brings the concept of modern warfare weaponry to chess.",1780,1780,"<a href=""https://en.wikipedia.org/wiki/Stratomic"" target=""_blank"" class=""style1"" style=""color: #0000EE"" />Wikipedia</a>",,0,1,,Robert Montay-Marsais,,1972-00-00,0,Eric Piette,,,,"0,5520",0,,0,0,0,0
1493,Atomic Chess,,"Atomic chess is a chess variant. Standard rules of chess apply, but all captures result in an ""explosion"" through which all surrounding white and black pieces other than pawns are removed from play.",1781,1781,"<a href=""https://en.wikipedia.org/wiki/Atomic_chess"" target=""_blank"" class=""style1"" style=""color: #0000EE"" />Wikipedia</a>",,0,1,,,,1995-00-00,0,Eric Piette,,,,"0,5520",0,,0,0,0,0
1494,Beirut Chess,,"Beirut chess is a chess variant invented by Jim Winslow in 1992. The game is played using the standard chess pieces and board, with each side having secretly equipped one of their men with a ""bomb""—which can be ""detonated"" at any time, wiping out all men on surrounding squares along with the bomb carrier.",1782,1782,"<a href=""https://en.wikipedia.org/wiki/Beirut_chess"" target=""_blank"" class=""style1"" style=""color: #0000EE"" />Wikipedia</a>",,0,1,,Jim Winslow,,1992-00-00,0,Eric Piette,,,,"0,5520",0,,0,0,0,0
1495,Um el-Bil,'Um el-Bil,"'Um El-Bil is a two-row mancala-style board game played in Tunisia. Typically it is played in holes in the ground, with camel droppings, shells, or nuts as counters. It was rarely played by young girls. ",1783,1783,,Tunisia,1,1,,,,,0,Eric Piette,,,"32°54'26.17""N, 10°25'36.91""E","5488,5488",0,,0,0,0,0
1496,Chessence,,"Chessence is a chess variant invented by Jim Winslow in 1989. The board is a 6×9 rectangle of squares with eight squares missing. Each player has a king and nine men with initial setup as shown, including three men initially not yet in play at the side of the board. ",1784,1784,"<a href=""https://en.wikipedia.org/wiki/Chessence"" target=""_blank"" class=""style1"" style=""color: #0000EE"" />Wikipedia</a>",,0,1,,Jim Winslow,,1989-00-00,0,Eric Piette,,,,"0,5520",0,,0,0,0,0
1497,Addi Kul,'Addî Kûl,"'Addî Kûl is a capturing game played in Tunisia by men. The board is typically made in the sand, and date seeds, stones, or camel droppings are used as pieces.",1787,1787,,Tunisia,1,1,,,,,0,Eric Piette,,,"32°54'50.92""N, 10°16'40.93""E","5488,5488",0,,0,0,0,0
1498,El-Mthaltha,,El-Mthaltha is a small game with custodial captures played in Tunisia.,1788,1788,,Tunisia,1,1,"Thlatha Tishsha, Thlath Tisha",,,,0,Eric Piette,,,"32°0'43.53""N, 10°41'51.67""E","5488,5488",0,,0,0,0,0
1499,Es-Sig,Es-Sîg,"Es-Sîg is a race game played by women in Tunisia. It is one of a family of games where players attempt to reach Mecca, before the Ghoula, or witch, carries them back to start. The pieces are usually the women's wedding rings, and the Ghula is represented by a piece of coal.",1789,1789,,Tunisia,1,1,,,,,0,Eric Piette,,,"32°54'50.92""N, 10°16'40.93""E","5488,5488",0,,0,0,0,0
1500,Balkan Mancala,,"This two-row mancala-style game, the name of which has not been preserved, is attested in traveler's accounts and archaeological excavations of the Balkans. ",1790,,,Balkans,1,1,,,,,0,,,,"44°49'16.72""N, 20°27'11.42""E","5100,5199",1,,0,0,0,0
1501,Al-Andalus Game,,"This game, which consists of a board of two rows of four holes, sometimes with extra holes, has been found as graffiti in medieval Al-Andalus (Spain). It has been thought to be a type of mancala game.",1791,,Cosín Corral and García Aparicio 1998.,Spain,1,1,,,,,0,,,,"39°45'20.47""N, 5°5'13.64""W","4300,4599",1,,0,0,0,1
1502,Official Football Chess,,"In 1967, an US game company called Diversified Creations marketed a chess variant called Official Football Chess. ",1792,1792,"<a href=""https://www.chessvariants.com/diffsetup.dir/officialfootball.html"" target=""_blank"" class=""style1"" style=""color: #0000EE"" />www.chessvariants.com</a>",,0,1,,,,1967-00-00,0,Eric Piette,,49158,,"0,5520",0,,0,0,0,0
1503,Football Chess,,"This variant of Chess was invented in 1951 by Joseph Boyer, one of the most productive inventors of chess variants.

The game is played on a board of 9 by 9 squares, checkered, with black squares in the corners.

Each player has a king, a queen, two rooks, two knights, and two bishops, i.e., the usual set of pieces without pawns. There is an additional piece, not owned by any player: the ball.

The ball starts the game on e5. The squares e1 and e9 are the goals.",1793,1793,"<a href=""https://www.chessvariants.com/crossover.dir/football.html"" target=""_blank"" class=""style1"" style=""color: #0000EE"" />www.chessvariants.com</a>",,0,1,,Joseph Boyer,,1951-00-00,0,Eric Piette,,,,"0,5520",0,,0,0,0,0
1504,Lelac,,Lelac is a two-player strategy game related to mancalas.,1794,1794,"<a href=""https://boardgamegeek.com/boardgame/317995/lelac"" target=""_blank"" class=""style1"" style=""color: #0000EE"" />BGG</a>",,0,1,,Mike Zapawa,,2020-00-00,0,Eric Piette,,317995,,"0,5520",0,,0,0,0,0
1505,Quick Chess,,"This game was invented by Joe Miccio in 1991. It is published by Amerigames International, endorsed by Chess Life, and popular on schools in the United States as a game for learning purposes. Sets for this game should be easily available in the United States, and possibly other countries.",1795,1795,"<a href=""https://www.chessvariants.com/small.dir/quick.html"" target=""_blank"" class=""style1"" style=""color: #0000EE"" />www.chessvariants.com</a>",,0,1,,Joe Miccio,Amerigames International,1991-00-00,0,Eric Piette,,,,"0,5520",0,,0,0,0,0
1506,4 Squared,,"The game is played on four boards (called here NW, SW, NE, SE according to their position). Both players start with 15 stones offboard (you can reduce the number for a shorter game).",1796,1796,"<a href=""http://www.di.fc.ul.pt/~jpn/gv/4squared.htm"" target=""_blank"" class=""style1"" style=""color: #0000EE"" />http://www.di.fc.ul.pt/</a>",,0,1,,Martin Windischer,,2009-00-00,0,Eric Piette,,,,"0,5520",0,,0,0,0,0
1507,Archimedes,,"Archimedes can be played with a standard checkers set. The board is an 8x8 grid,
and each player has 12 ""ships"" represented by checkers of one color.",1797,1797,"<a href=""https://boardgamegeek.com/boardgame/18698/archimedes"" target=""_blank"" class=""style1"" style=""color: #0000EE"" />BGG</a>",,0,1,,Scott Marley and Philip Cohen,,1988-00-00,0,Eric Piette,,18698,,"0,5520",0,,0,0,0,0
1508,Annuvin,,Annuvin is played on a hexagonal board (4 hexagons on a side) with 6 pieces per player arranged in opposite corners.,1798,1798,"<a href=""http://www.di.fc.ul.pt/~jpn/gv/annuvin.htm"" target=""_blank"" class=""style1"" style=""color: #0000EE"" />www.di.fc.ul.pt</a>",,0,1,,Jeff Roy,,2001-00-00,0,Eric Piette,,32595,,"0,5520",0,,0,0,0,0
1509,A Simple Game,,his game is played on the following 4x4 square board.,1799,1799,"<a href=""http://www.di.fc.ul.pt/~jpn/gv/jan4x4.htm"" target=""_blank"" class=""style1"" style=""color: #0000EE"" />www.di.fc.ul.pt</a>",,0,1,Jan 4x4,Jan Willemson,,,0,Eric Piette,,,,"0,5520",0,,0,0,0,0
1510,Cascades,,Cascades is an original game implying an original geometric pattern similar to cascades.,1800,1800,"<a href=""https://boardgamegeek.com/boardgame/27724/cascades"" target=""_blank"" class=""style1"" style=""color: #0000EE"" />BGG</a>",,0,1,,William Chang,,2001-00-00,0,Eric Piette,,27724,,"0,5520",0,,0,0,0,0
1511,Louis XVI,,Louis XVI is a tafl style game in which players must try to help King Louis XVI escape from an angry mob.,1801,1801,"<a href=""https://boardgamegeek.com/boardgame/99537/louis-xvi"" target=""_blank"" class=""style1"" style=""color: #0000EE"" />BGG</a>",,0,1,,Thiago Migoto,,2002-00-00,0,Eric Piette,,99537,,"0,5520",0,,0,0,0,0
1512,Bombardment,,This game is played on the following 8x8 board and can be considered as a variant of Breakthrough.,1802,1802,"<a href=""http://www.di.fc.ul.pt/~jpn/gv/bombardment.htm"" target=""_blank"" class=""style1"" style=""color: #0000EE"" />www.di.fc.ul.pt</a>",,0,1,,Chris Huntoon,,2003-00-00,0,Eric Piette,,33043,,"0,5520",0,,0,0,0,0
1513,Diagonals,,A scoring game involving diagonals of the board.,1803,1803,"<a href=""http://www.di.fc.ul.pt/~jpn/gv/diagonals.htm"" target=""_blank"" class=""style1"" style=""color: #0000EE"" />www.di.fc.ul.pt</a>",,0,1,,,,,0,Eric Piette,,222231,,"0,5520",0,,0,0,0,0
1514,Product,,Product is played on an empty 5x5 hexagonal board.,1804,1804,"<a href=""http://www.di.fc.ul.pt/~jpn/gv/product.htm"" target=""_blank"" class=""style1"" style=""color: #0000EE"" />www.di.fc.ul.pt</a>",,0,1,,Nick Bentley,,2006-00-00,0,Eric Piette,,,,"0,5520",0,,0,0,0,0
1515,Fission,,Fission is a game where players attempt to eliminate all of their opponents stones but must have at least one stone left on the board in order to win.,1805,1805,"<a href=""https://boardgamegeek.com/boardgame/30213/fission"" target=""_blank"" class=""style1"" style=""color: #0000EE"" />BGG</a>",,0,1,,Robert A. Kraus,,2003-00-00,0,Eric Piette,,30213,,"0,5520",0,,0,0,0,0
1516,First Attack,,This game is played on any square board (say 8x8).,1806,1806,"<a href=""http://www.di.fc.ul.pt/~jpn/gv/firstattack.htm"" target=""_blank"" class=""style1"" style=""color: #0000EE"" />www.di.fc.ul.pt</a>",,0,1,,Frank Harary,,,0,Eric Piette,,,,"0,5520",0,,0,0,0,0
1517,Lewthwaite's Game,,This blocking game is played on a 5x5.,1807,1807,"<a href=""http://www.di.fc.ul.pt/~jpn/gv/lewthwaite.htm"" target=""_blank"" class=""style1"" style=""color: #0000EE"" />www.di.fc.ul.pt</a>",,0,1,,G. Lewthwaite,,,0,Eric Piette,,,,"0,5520",0,,0,0,0,0
1518,Forge,,Forge is a two-player game played on an NxM square board. I will consider here an 8x6 board.,1808,1808,"<a href=""http://www.di.fc.ul.pt/~jpn/gv/forge.htm"" target=""_blank"" class=""style1"" style=""color: #0000EE"" />www.di.fc.ul.pt</a>",,0,1,,Michael Howe,,2001-00-00,0,Eric Piette,,,,"0,5520",0,,0,0,0,0
1519,Minefield,,The game is played on a 8x8 square board. The game has similarities with Othello but the main goal is to create a line of 8 of either colour in a specific direction.,1809,1809,"<a href=""http://www.di.fc.ul.pt/~jpn/gv/minefield.htm"" target=""_blank"" class=""style1"" style=""color: #0000EE"" />www.di.fc.ul.pt</a>",,0,1,,Chris,,2000-00-00,0,Eric Piette,,,,"0,5520",0,,0,0,0,0
1520,Trianon,,Trianon is a game played on a 5x5 board.,1810,1810,"<a href=""http://www.di.fc.ul.pt/~jpn/gv/trianon.htm"" target=""_blank"" class=""style1"" style=""color: #0000EE"" />www.di.fc.ul.pt</a>",,0,1,,Hans van Maanen,,1992-00-00,0,Eric Piette,,,,"0,5520",0,,0,0,0,0
1521,Kassle,,Players take turn placing tiles onto a 5x5 square board.,1811,1811,"<a href=""http://www.di.fc.ul.pt/~jpn/gv/kassle.htm"" target=""_blank"" class=""style1"" style=""color: #0000EE"" />www.di.fc.ul.pt</a>",,0,1,,David M. Rea,DMR Games,1985-00-00,0,Eric Piette,,14588,,"0,5520",0,,0,0,0,0
1522,Tara,,The game is played on a initial empty 5x5 board.,1812,1812,"<a href=""http://www.di.fc.ul.pt/~jpn/gv/tara.htm"" target=""_blank"" class=""style1"" style=""color: #0000EE"" />www.di.fc.ul.pt</a>",,0,1,,Dijkstra and van Dijk,,,0,Eric Piette,,,,"0,5520",0,,0,0,0,0
1523,Moxie,,This game is played on an empty 4x4 square board. Each player has 8 stones off board.,1813,1813,"<a href=""https://boardgamegeek.com/boardgame/24546/moxie"" target=""_blank"" class=""style1"" style=""color: #0000EE"" />BGG</a>",,0,1,,Harold C. Manley,,1956-00-00,0,Eric Piette,,24546,,"0,5520",0,,0,0,0,0
1524,Troll,,Troll is a two-player game played on an empty 8x8 square board:,1814,1814,"<a href=""http://www.di.fc.ul.pt/~jpn/gv/troll.htm"" target=""_blank"" class=""style1"" style=""color: #0000EE"" />www.di.fc.ul.pt</a>",,0,1,,Jean-Claude Rosa,,1993-00-00,0,Eric Piette,,67048,,"0,5520",0,,0,0,0,0
1525,Kanguruh,,This game is played on the following 8x8 square board.,1815,1815,"<a href=""http://www.di.fc.ul.pt/~jpn/gv/kanguruh.htm"" target=""_blank"" class=""style1"" style=""color: #0000EE"" />www.di.fc.ul.pt</a>",,0,1,,Milton Bradley,,1985-00-00,0,Eric Piette,,,,"0,5520",0,,0,0,0,0
1526,Jumping Beans,,This game is played on a 7x7 square board.,1816,1816,"<a href=""http://www.di.fc.ul.pt/~jpn/gv/jumpingbeans.htm"" target=""_blank"" class=""style1"" style=""color: #0000EE"" />www.di.fc.ul.pt</a>",,0,1,,Chris Huntoon,,2001-00-00,0,Eric Piette,,64783,,"0,5520",0,,0,0,0,0
1527,Crusade,,"Crusade can be played on a 8x8 square board. In the initial position, all squares are occupied by a stone: white stones on the white squares and black stones on the black squares.",1817,1817,"<a href=""https://boardgamegeek.com/boardgame/70926/crusade"" target=""_blank"" class=""style1"" style=""color: #0000EE"" />BGG</a>",,0,1,,Keith Carter,,2002-00-00,0,Eric Piette,,70926,,"0,5520",0,,0,0,0,0
1528,Quad Wrangle,,The game is played on a 7x7 board.,1818,1818,"<a href=""http://www.di.fc.ul.pt/~jpn/gv/quadwrangle.htm"" target=""_blank"" class=""style1"" style=""color: #0000EE"" />www.di.fc.ul.pt</a>",,0,1,,Keith Carter,,2001-00-00,0,Eric Piette,,,,"0,5520",0,,0,0,0,0
1529,Diagonals (2002),,This game is played in a 5x10 square board.,1819,1819,"<a href=""http://www.di.fc.ul.pt/~jpn/gv/diagonals2.htm"" target=""_blank"" class=""style1"" style=""color: #0000EE"" />www.di.fc.ul.pt</a>",,0,1,,Walter Joris,,2002-00-00,0,Eric Piette,,,,"0,5520",0,,0,0,0,0
1530,Roll-Ing to Four,,This game is played on the following 10x4 square board.,1820,1820,"<a href=""http://www.di.fc.ul.pt/~jpn/gv/rolling.htm"" target=""_blank"" class=""style1"" style=""color: #0000EE"" />www.di.fc.ul.pt</a>",,0,1,,Ingo Althofer and Thomas Rolle,,2003-00-00,0,Eric Piette,,,,"0,5520",0,,0,0,0,0
1531,Tandems,,This game is played on a 5x5 board. Game starts with an initial setup position.,1821,1821,"<a href=""https://boardgamegeek.com/boardgame/66338/tandems"" target=""_blank"" class=""style1"" style=""color: #0000EE"" />BGG</a>",,0,1,,,,2000-00-00,0,Eric Piette,,66338,,"0,5520",0,,0,0,0,0
1532,Snort,,SNORT (Simon NORTon) is played on an 8 x 8 grid of squares.,1822,1822,"<a href=""https://boardgamegeek.com/boardgame/151888/snort"" target=""_blank"" class=""style1"" style=""color: #0000EE"" />BGG</a>",,0,1,Cats and Dogs,Simon Norton,,1970-00-00,0,Eric Piette,,151888,,"0,5520",0,,0,0,0,0
1533,Plotto,,Plotto is a twist on 4-in-a-row played on a Hex board(less) with four colours of stones.,1823,1823,"<a href=""http://www.di.fc.ul.pt/~jpn/gv/plotto.htm"" target=""_blank"" class=""style1"" style=""color: #0000EE"" />www.di.fc.ul.pt</a>",,0,1,,David Smith,,1995-00-00,0,Eric Piette,,26709,,"0,5520",0,,0,0,0,0
1534,TacTix,,"Impartial game played with the 4x4 board full of one kind of piece.
 
A number of ""folk art"" versions of the game with a wooden board and marbles were found on the web. Computer program versions are also available.

The 4x4 game has been completely solved and it is a second player win.",1824,1824,"<a href=""https://boardgamegeek.com/boardgame/25895/tactix"" target=""_blank"" class=""style1"" style=""color: #0000EE"" />BGG</a>

<a href=""http://www.di.fc.ul.pt/~jpn/gv/bulo.htm"" target=""_blank"" class=""style1"" style=""color: #0000EE"" />www.di.fc.ul.pt</a>",,0,1,Bulo,Piet Hein,,1949-00-00,0,Eric Piette,,25895,,"0,5520",0,,0,0,0,0
1535,Ratio,,Ratio is a board game that can be played with many rulesets.,1825,1825,"<a href=""https://www.stichtingspel.org/sites/default/files/agpi_quarterly_2017_fall_1-3_artikel_2_ratio.pdf"" target=""_blank"" class=""style1"" style=""color: #0000EE"" />www.stichtingspel.org</a>
",,0,1,,Fred Schuh,,1950-00-00,0,Eric Piette,,,,"0,5520",0,,0,0,0,0
1536,3x14 Game,,This pattern appears as graffiti in several places in Southwest Asia and Egypt. The board was either rendered as a series of holes or as squares.,1895,,,,1,1,,,,,0,,,,"31°46'35.73""N, 35°14'1.82""E","3600,4299",1,,0,0,0,1
1537,Icebreaker,,"Icebreaker is a drawless game for two players competing to break the most ice with their ships. Mark Steere designed Icebreaker in November, 2021.",1926,1926,,,0,1,,Mark Steere,"<a href=""http://www.marksteeregames.com/"" target=""_blank"" class=""style1"" style=""color: #0000EE"" />Mark Steere Games</a>",2021-00-00,0,Michael Amundsen,,,,"0,5520",0,,0,0,0,0
1538,Cannon,,Cannon is a two-player board game invented in 2003 by David E. Whitcher.,1927,1927,"<a href=""https://www.iggamecenter.com/info/en/cannon.html"" target=""_blank"" class=""style1"" style=""color: #0000EE"" />www.iggamecenter.com</a>",,0,1,,David E. Whitcher,,2003-00-00,0,Eric Piette,,,,"0,5520",0,,0,0,0,0
1539,Co Chan Cho,,"Co Chan Cho is a blocking game that was played by children in the Tonkin region of Vietnam  int he mid twentieth century.  The game was usually drawn on the ground, and broken  pieces of pottery, paper, or straw were used as pieces.",1929,1929,,Vietnam,1,1,,,,,0,,,,"21°21'17.76""N, 104°25'3.04""E","5440,5441",0,,0,0,0,0
1540,Center,,"Center is a strange little game invented by Alek Erickson and Michael Amundsen in February of 2022. The goal is to place a stone on the center of the board, but it's not as easy as it sounds.",1930,1930,,,0,1,,Michael Amundsen,,2022-02-02,0,Michael Amundsen,,,,"0,5520",0,,0,0,0,0
1541,Flower Shop,,Flower Shop is a colorful dynamic connection game invented by Mihaw Zapawa.,1931,1931,,,0,1,,Mihaw Zapawa,,2021-00-00,0,Michael Amundsen,,,,"0,5520",0,,0,0,0,0
1542,Sweep Burrow,,"Burrow is a whole series of draw-free annihilation games based on the general concept of capture-templates. To begin a turn, a player takes one of his pieces and captures-via-replacement some enemy piece. Some aspect of the capture provides a template whereby the piece may perform further captures. The template can be the minimal bounding box containing the move, the directions used to achieve the capture or even the number of friendly pieces in the line-of-sight. 

This Ludii version is implementing the Sweep Burrow version.",1932,1932,"<a href=""https://boardgamegeek.com/boardgame/331849/burrow"" target=""_blank"" class=""style1"" style=""color: #0000EE"" />BGG</a>",,0,1,,Corey Clark,,2021-00-00,0,Michael Amundsen,,331849,,"0,5520",0,,0,0,0,0
1543,Rampart,,Rampart is an annihilation game in which players grow a set number of groups attempting to capture the opponent's groups.,1933,1933,"<a href=""https://boardgamegeek.com/boardgame/133923/rampart"" target=""_blank"" class=""style1"" style=""color: #0000EE"" />BGG</a>",,0,1,,Corey Clark,,2012-00-00,0,Michael Amundsen,,133923,,"0,5520",0,,0,0,0,0
1544,Fettas,,"Fettas is an alignment game played in Morocco. It was described by Moroccan immigrants in France, who described games played during their childhood.",1935,1935,,Morocco,1,1,,,,,0,Eric Piette,,,"28°11'43.78""N, 10°20'16.67""W","5460,5482",0,,0,0,0,0
1545,Lifeline,,"Lifeline is a territorial elimination game for two players. It was invented by Michael Amundsen and Luis Bolanos Mures in February 2022, and was inspired by Go and Kanare Kato's Meridians.",1936,1936,,,0,1,,Michael Amundsen and Luis Bolanos Mures,,2022-02-00,0,Michael Amundsen,,,,"0,5520",0,,0,0,0,0
1546,Tiddas,,Tiddas is a capturing game played in the countryside of Morocco in the early twentieth century.,1937,,,Morocco,1,1,,,,,0,Eric Piette,,,"32°25'39.6""N, 3°2'15.06""W","5408,5408",1,,0,0,0,1
1547,Dhib oul-Aslag,,"Dhib oul-Aslag is a hunt game played in Tunisia. One player plays as the Dhib, and the other as four greyhounds, who try to block the Dhib from moving. It was typically played in the sand with holes as spaces, and pebbles, shells, date pits, or camel droppings were used as pieces.",1938,1938,,Tunisia,1,1,,,,,0,,,,"36°47'55.42""N, 10°10'26.39""E","5444,5444",1,,0,0,0,0
1548,Khamousiyya,,"Khamousiyya is the larger form of Kharbga played in the northern part of Tunisia. It is typically played in the sand, with date pits, shells, pebbles, or camel droppings as pieces. Normally it is played in several rounds, with the winner playing first in subsequent rounds.",1939,1939,,Tunisia,1,1,Kharbga,,,,0,Eric Piette,,,"36°47'55.42""N, 10°10'26.39""E","5444,5444",0,,0,0,0,0
1549,Sabou'iyya,,"Sabou'iyya is a smaller version of Kharbga played in northern Tunisia. It is generally played in the sand, with pebbles, date pits, shells, or camel droppings as pieces. Typically, it is played in rounds, and the winner plays first in subsequent rounds. It is widely thought to be simpler than the larger Khamousiyya, and it is believed that the first player should win.",1940,1940,,Tunisia,1,1,Kharbga,,,,0,,,,"36°47'55.42""N, 10°10'26.39""E","5444,5444",0,,0,0,0,0
1550,La Dama,,"La Dama is a game with leaping captures played in the Canary Islands. This version is played in Puerto de la Cruz, in holes in the ground, with pebbles or shells as pieces. Graffiti found around the islands suggest that the game may have been played by the indigenous Guanche people. In making the game, people first draw a board similar to Alquerque, then they pecked the depressions to be used as the board on the intersections.",1941,1941,,Canary Islands,1,1,,,,,0,Eric Piette,,,"28°24'34.67""N, 16°32'43.78""W","5411,5494",0,,0,0,0,0
1551,El Perro,,"El Perro is a hunt game played in the Canary Islands. The board is typically scratched on the ground or on a stone, and the pieces are stones, seeds or shells.",1942,1942,,Canary Islands,1,1,,,,,0,Eric Piette,,,"28°0'24.11""N, 16°39'15.35""W","5458,5493",0,,0,0,0,0
1552,El Zorro,,"El Zorro is a hunt game played on the island of La Palma in the Canary Islands since at least the early twentieth century. It was typically played on lines etched in stone or on the ground, and the pieces were pebbles or corn kernels.",1943,1943,,Canary Islands,1,1,,,,,0,Eric Piette,,,"28°49'42.52""N, 17°54'18.78""W","5423,5494",0,,0,0,0,0
1553,La Chascona,,"La Chascona is an alignment game played on Fuertaventura in the Canary Islands. It is commonly played by women, who have a reputation for being masters of the game. It is also played by shepherds, who played with pieces that were not easily distinguished between one another, but the players were able to keep track of their own pieces.",1944,1944,,Canary Islands,1,1,,,,,0,Eric Piette,,,"28°35'14.69""N, 13°59'7.61""W","5494,5494",0,,0,0,0,0
1554,El Cazador,,El Cazador is a hunt game played on the island of La Palma in the Canary Islands. ,1945,1945,,Canary Islands,1,1,,,,,0,Eric Piette,,,"28°46'55.58""N, 17°56'27.33""W","5494,5494",0,,0,0,0,0
1555,Khiam,,Khiam is a mancala-style board game played in the Bordj Bou Arreridj region of Algeria in the early twentieth century. Players scooped holes in the soil to use as the board and used snail shells or date pits as counters.,1946,,,Algeria,1,1,,,,,0,Eric Piette,,,"35°59'27.67""N, 5°2'33.12""E","5421,5421",1,,0,0,0,0
1556,Feldja,,Feldja is an alignment game played in the Bordj Bou Arreridj region of Algeria in the early twentieth century.,1947,,,Algeria,1,1,,,,,0,Eric Piette,,,"36°0'14.46""N, 4°58'31.22""E","5421,5421",1,,0,0,0,1
1557,Selbia,,"Selbia is an alignment game played in the Bordj Bou Arreridj region of Algeria in the early twentieth century.

",1948,1948,,Algeria,1,1,,,,,0,Eric Piette,,,"36°1'17.33""N, 5°1'12.94""E","5421,5421",0,,0,0,0,0
1558,Guettal,,Guettal is a capturing game played in the Bordj Bou Arreridj region of Algeria in the early twentieth century.,1949,,,Algeria,1,1,,,,,0,Eric Piette,,,"36°3'44.02""N, 4°33'11.56""E","5421,5421",1,,0,0,0,1
1559,Millieu,,"Millieu is a 3-D Morris game based loosely on the game OutFox

The goal is to be the last to complete a turn - this almost always occurs by the opponent running out of pieces.

The game uses 2 sets of 9 common pieces combining all combinations of 3 attributes in 2 dimensions (color + shape). Each player has their own set in-hand in the beginning, but the pieces are no longer owned once in play. Moves follow a place-then-must-slide-an-adjacent-piece protocol. All turns must be fully completed.

Captures are made by forming mills, and allow a player to restock their hand. A mill is an orthogonal line of 3 uniquely different pieces that share one common attribute. When a player forms a mill, they must remove one of the 2 inactive pieces in that mill back into their own hand for re-use.

To win, the first player must either make one more capture than the opponent, or rarely, prevent the other player from placing a piece by leaving no slide moves available. This suggests the game, as it stands, has a second player advantage. - However much opening play testing will be needed to determine if the perceived advantage is real...",1950,1950,,,0,1,,Dale Walton,,2022-02-22,0,Dale Walton,,,,"0,5520",0,,0,0,0,0
1560,Ancient Merels,,"Merels patterns have been found before Roman times, but it is uncertain whether they were used as games.",1951,,,Unknown,1,1,,,,,0,,,,"38°53'13.21""N, 44°56'51.99""E","2850,2915",1,,0,0,0,1
1561,Mangala (Greek),,Mangala is a name used for several related games using the sowing mechanism. This version was documented among the Greek peoples living in the Ottoman empire during the early eighteenth century. It was played with shells in a board in the form of a box with holes in it.,1957,,,Greece,1,1,,,,,0,Eric Piette,,,"38°8'26.82""N, 30°28'18.26""E","5248,5301",1,,0,0,0,1
1562,Tavla (Ottoman),,"Tavla is a race game of the Tables type which is played in Turkey. This version is documented from the Ottoman Empire, since at least the early modern period.",1958,,,Turkey,1,1,,,,,0,Eric Piette,,,"41°0'41.52""N, 28°58'58.84""E","5003,5099",1,,0,0,0,1
1563,Ottoman Mancala,,"A two-row mancala-style board game was played in the Ottoman Empire. It was played in coffee houses and other public venues, and was played by men and women. It is mostly attested in artistic depictions in the early modern period. ",1959,,,Turkey,1,1,,,,,0,Eric Piette,,,"41°0'41.52""N, 28°58'58.84""E","5075,5099",1,,0,0,0,1
